T_MeV,muB_MeV,P_over_T4,I_over_T4,s_over_T3,e_over_T4,nB_over_T3,CV_over_T3,cs2,phi_u,phi_d,phi_s,Phi,PhiBar,solve_residual,a1,a2,T0_MeV
50,0,0.0995476999997,-0.397222149104,0.000968650894704,-0.098579049105,0,0.0138954037047,0.0697101656987,-1.97643991654,-1.97643991654,-2.62516192843,0.00252195353271,0.00252195353271,6.87695030497e-16,-7.505272994,0.091848942829,175.695929622
52,0,0.085138185619,-0.339054219903,0.00149852257308,-0.0836396630459,0,0.0208428251635,0.0718963269773,-1.97643761614,-1.97643761614,-2.62516144147,0.00327066876685,0.00327066876685,1.07632505982e-15,-7.505272994,0.091848942829,175.695929622
54,0,0.0732738002239,-0.290850390354,0.00224481054148,-0.0710289896824,0,0.0303311475428,0.0740100762198,-1.97643388351,-1.97643388351,-2.62516064488,0.0041678569295,0.0041678569295,1.70226974334e-15,-7.505272994,0.091848942829,175.695929622
56,0,0.0634463876976,-0.250517294616,0.00326825617458,-0.0601781315231,0,0.0429753018378,0.0760496386252,-1.97642802266,-1.97642802266,-2.62515938302,0.0052289613562,0.0052289613562,1.67500673047e-15,-7.505272994,0.091848942829,175.695929622
58,0,0.0552662809008,-0.216425893839,0.00463922976377,-0.050627051137,0,0.0594670475216,0.0780134537887,-1.9764190856,-1.9764190856,-2.6251574405,0.00646958314,0.00646958314,1.48677825431e-15,-7.505272994,0.091848942829,175.695929622
60,0,0.0484325976563,-0.187292337141,0.00643805348427,-0.041994544172,0,0.0805762417207,0.0799001460825,-1.97640580971,-1.97640580971,-2.6251545257,0.00790549779845,0.00790549779845,6.64959117239e-16,-7.505272994,0.091848942829,175.695929622
62,0,0.0427117491513,-0.162091703463,0.00875529314286,-0.0339564560085,2.48238098844e-20,0.107152792971,0.0817084921454,-1.97638654616,-1.97638654616,-2.62515025111,0.0095526957841,0.0095526957841,1.92242996561e-15,-7.505272994,0.091848942829,175.695929622
64,0,0.0379217159996,-0.139994810308,0.0116920536902,-0.0262296623094,0,0.140129670988,0.0834373877267,-1.97635917872,-1.97635917872,-2.62514411044,0.0114274439309,0.0114274439309,1.70400593985e-15,-7.505272994,0.091848942829,175.695929622
66,0,0.0339204252922,-0.120321387554,0.0153603136152,-0.018560111677,0,0.180527311932,0.0850858158292,-1.97632103234,-1.97632103234,-2.62513545189,0.013546365315,0.013546365315,1.3406750278e-15,-7.505272994,0.091848942829,175.695929622
68,0,0.0305970779894,-0.102504979311,0.019883332646,-0.0107137453433,0,0.229459734405,0.0866528181843,-1.97626877057,-1.97626877057,-2.62512344735,0.0159265354192,0.0159265354192,1.22631230343e-15,-7.505272994,0.091848942829,175.695929622
70,0,0.0278656227262,-0.0860663247733,0.0253961661313,-0.00246945659482,0,0.288142666089,0.0881374718852,-1.97619828081,-1.97619828081,-2.62510705689,0.0185855928502,0.0185855928502,1.26992734086e-15,-7.505272994,0.091848942829,175.695929622
72,0,0.025659808238,-0.0705929144938,0.0320463184582,0.00638651022024,0,0.357903973434,0.0895388730971,-1.97610454601,-1.97610454601,-2.62508498808,0.0215418631192,0.0215418631192,8.6232612744e-16,-7.505272994,0.091848942829,175.695929622
74,0,0.0239294092633,-0.05572307007,0.039994566983,0.0160651577198,0,0.440196683479,0.090856129735,-1.97598150103,-1.97598150103,-2.62505564945,0.0248144941008,0.0248144941008,9.61970989788e-16,-7.505272994,0.091848942829,175.695929622
76,0,0.0226373341465,-0.0411333493284,0.0494159872576,0.0267786531111,0,0.536614882234,0.0920883652199,-1.97582187176,-1.97582187176,-2.62501709737,0.0284236016923,0.0284236016923,1.96507664853e-15,-7.505272994,0.091848942829,175.695929622
78,0,0.0217574021991,-0.0265283992105,0.0605012095861,0.038743807387,0,0.648912759619,0.0932347356239,-1.97561699418,-1.97561699418,-2.62496697531,0.0323904238371,0.0323904238371,1.69875169739e-15,-7.505272994,0.091848942829,175.695929622
80,0,0.0212726356354,-0.0116326067063,0.0734579358353,0.0521853001999,0,0.779027034658,0.0942944629227,-1.97535661069,-1.97535661069,-2.62490244463,0.036737480387,0.036737480387,2.25268455434e-15,-7.505272994,0.091848942829,175.695929622
82,0,0.0211739516526,0.00381693666573,0.0885127432762,0.0673387916236,0,0.929102919164,0.0952668875002,-1.9750286398,-1.9750286398,-2.62482010551,0.0414887351408,0.0414887351408,4.0969448746e-15,-7.505272994,0.091848942829,175.695929622
84,0,0.0214591696958,0.0200765194484,0.105913198232,0.0844540285357,0,1.10152363856,0.0961515436657,-1.97461891535,-1.97461891535,-2.62471590669,0.0466697546958,0.0466697546958,8.05125692871e-15,-7.505272994,0.091848942829,175.695929622
86,0,0.0221322703154,0.0374012137673,0.125930295029,0.103798024714,0,1.29894328973,0.0969482625027,-1.9741108904,-1.9741108904,-2.62458504241,0.0523078562955,0.0523078562955,1.78341415831e-14,-7.505272994,0.091848942829,175.695929622
88,0,0.0232028576256,0.0560497929539,0.148861223456,0.125658365831,0,1.52432242966,0.0976573069845,-1.97348530097,-1.97348530097,-2.62442183484,0.0584322334502,0.0584322334502,6.31137181116e-14,-7.505272994,0.091848942829,175.695929622
90,0,0.0246857885444,0.0762892937626,0.17503244794,0.150346659396,0,1.78096519028,0.098279544651,-1.9727197841,-1.9727197841,-2.6242196001,0.0650740434999,0.0650740434999,2.36453836886e-13,-7.505272994,0.091848942829,175.695929622
92,0,0.0266009398709,0.0983992912201,0.204803050704,0.178202110833,0,2.07255582451,0.0988166631178,-1.97178844534,-1.97178844534,-2.6239704961,0.072266435227,0.072266435227,7.82024994435e-13,-7.505272994,0.091848942829,175.695929622
94,0,0.0289730893676,0.122675887378,0.238568244848,0.209595155481,0,2.40319131223,0.0992714327961,-1.97066137101,-1.97066137101,-2.62366535044,0.0800444869221,0.0800444869221,2.34639478276e-12,-7.505272994,0.091848942829,175.695929622
96,0,0.0318318897609,0.149435337597,0.27676289664,0.244931006879,0,2.77740490627,0.0996480189172,-1.96930408261,-1.96930408261,-2.62329346747,0.0884450159191,0.0884450159191,6.53129045451e-12,-7.505272994,0.091848942829,175.695929622
98,0,0.0352119151194,0.179017143458,0.319864803936,0.284652888816,0,3.20017322973,0.0999523403807,-1.96767693346,-1.96767693346,-2.62284241398,0.0975062098393,0.0975062098393,1.25734890081e-15,-7.505272994,0.091848942829,175.695929622
100,0,0.0391527573908,0.211786327681,0.368397357244,0.329244599854,0,3.67689682085,0.10019246533,-1.96573445232,-1.96573445232,-2.62229778506,0.107267019143,0.107267019143,9.62650546184e-16,-7.505272994,0.091848942829,175.695929622
102,0,0.0436991470124,0.248134469099,0.422931057149,0.379231910136,0,4.21334114414,0.100379020516,-1.96342464573,-1.96342464573,-2.62164295372,0.117766240543,0.117766240543,7.92825424494e-16,-7.505272994,0.091848942829,175.695929622
104,0,0.0489010654919,0.288478934198,0.484083196166,0.435182130674,0,4.81552279552,0.100525574631,-1.96068827941,-1.96068827941,-2.6208588109,0.129041218927,0.129041218927,1.42473574981e-15,-7.505272994,0.091848942829,175.695929622
106,0,0.0548138100599,0.333259607062,0.552514847302,0.497701037242,0,5.48952519328,0.100648931893,-1.95745817048,-1.95745817048,-2.61992350674,0.141126102898,0.141126102898,2.31176250926e-15,-7.505272994,0.091848942829,175.695929622
108,0,0.0614979618901,0.382932350223,0.628924197784,0.567426235894,0,6.24123155403,0.100769245996,-1.95365853244,-1.95365853244,-2.61881220805,0.154049618691,0.154049618691,8.58454424074e-16,-7.505272994,0.091848942829,175.695929622
110,0,0.0690192018022,0.437958490834,0.714035298043,0.645016096241,0,7.07597295386,0.100909839919,-1.94920442292,-1.94920442292,-2.61749689056,0.167832385665,0.167832385665,7.21186966783e-16,-7.505272994,0.091848942829,175.695929622
112,0,0.0774479139409,0.498789916628,0.808581572392,0.731133658451,0,7.9981080506,0.101096605257,-1.94400134262,-1.94400134262,-2.61594618607,0.182483891794,0.182483891794,9.21289046484e-16,-7.505272994,0.091848942829,175.695929622
114,0,0.0868585227582,0.565849974171,0.913284065204,0.826425542446,0,9.01057876983,0.101356870467,-1.93794501604,-1.93794501604,-2.61412530055,0.197999377561,0.197999377561,7.15628512477e-16,-7.505272994,0.091848942829,175.695929622
116,0,0.097328526479,0.639511319899,1.02882542581,0.931496899335,0,10.1145185207,0.101717686681,-1.93092134355,-1.93092134355,-2.61199600904,0.214357022676,0.214357022676,1.46904095688e-15,-7.505272994,0.091848942829,175.695929622
118,0,0.10893722439,0.720073082422,1.15582197998,1.04688475559,0,11.3090154295,0.102203590329,-1.92280644667,-1.92280644667,-2.60951671319,0.23151595086,0.23151595086,2.30719095066e-15,-7.505272994,0.091848942829,175.695929622
120,0,0.121764185381,0.807740860633,1.29479760216,1.17303341678,0,12.5911367246,0.102834051482,-1.91346664,-1.91346664,-2.60664252096,0.249415603202,0.249415603202,6.82825532413e-15,-7.505272994,0.091848942829,175.695929622
122,0,0.135887564459,0.9026137465,1.44616400434,1.31027643988,0,13.9562877622,0.103620964899,-1.90275807202,-1.90275807202,-2.6033252789,0.267976922637,0.267976922637,1.76294412364e-14,-7.505272994,0.091848942829,175.695929622
124,0,0.151382429021,1.00468225852,1.6102119746,1.45882954558,0,15.3989092841,0.104566625135,-1.89052570902,-1.89052570902,-2.59951346595,0.287105520368,0.287105520368,4.1056325727e-14,-7.505272994,0.091848942829,175.695929622
126,0,0.168319290502,1.11383960062,1.78711676263,1.61879747213,0,16.9134292249,0.105662591475,-1.87660131352,-1.87660131352,-2.59515185016,0.306696608791,0.306696608791,8.42437357099e-14,-7.505272994,0.091848942829,175.695929622
128,0,0.186763035743,1.22990630679,1.97695844976,1.79019541402,0,18.4953163787,0.10688968003,-1.86080009546,-1.86080009546,-2.59018082152,0.326641101571,0.326641101571,1.53673088007e-13,-7.505272994,0.091848942829,175.695929622
130,0,0.206772412555,1.35266583389,2.17975548411,1.97298307155,0,20.1420645652,0.108219069453,-1.84291576722,-1.84291576722,-2.58453533817,0.346832037775,0.346832037775,2.48772634067e-13,-7.505272994,0.091848942829,175.695929622
132,0,0.22840015529,1.48190688508,2.39550750624,2.16710735095,0,21.8539751446,0.109614268818,-1.82271376998,-1.82271376998,-2.57814345091,0.367170470282,0.367170470282,3.58916725359e-13,-7.505272994,0.091848942829,175.695929622
134,0,0.251693758121,1.61746771566,2.62424274814,2.37254899002,0,23.6346802979,0.111033562336,-1.79992241438,-1.79992241438,-2.57092438815,0.38757015882,0.38757015882,4.63254801884e-13,-7.505272994,0.091848942829,175.695929622
136,0,0.276696836268,1.75927833899,2.86606568406,2.5893688478,0,25.4914208218,0.112432559334,-1.77422156747,-1.77422156747,-2.56278618716,0.407960728801,0.407960728801,5.33742033371e-13,-7.505272994,0.091848942829,175.695929622
138,0,0.303450971049,1.90739784221,3.12120172641,2.81775075536,-1.56157694016e-17,27.4351256506,0.113766627722,-1.74522832264,-1.74522832264,-2.55362285291,0.428289272561,0.428289272561,5.41754682343e-13,-7.505272994,0.091848942829,175.695929622
140,0,0.33199791356,2.06204511255,3.39003676679,3.05803885323,0,29.4803134193,0.114993240356,-1.71247884575,-1.71247884575,-2.5433110333,0.448520581002,0.448520581002,4.6530381429e-13,-7.505272994,0.091848942829,175.695929622
142,0,0.362382011878,2.22362125718,3.67314930469,3.31076729281,0,31.6447276072,0.116074606496,-1.67540538751,-1.67540538751,-2.53170626172,0.468636251931,0.468636251931,2.98436437147e-13,-7.505272994,0.091848942829,175.695929622
144,0,0.394652703585,2.39271973364,3.97133054798,3.5766778444,0,33.9483760728,0.116981458538,-1.63330751927,-1.63330751927,-2.51863902159,0.488632809262,0.488632809262,2.10788877561e-13,-7.505272994,0.091848942829,175.695929622
146,0,0.428866837615,2.57011370684,4.2855810573,3.85671421969,0,36.4111445941,0.117699707193,-1.58531758822,-1.58531758822,-2.50391142485,0.508518655585,0.508518655585,1.13407805374e-12,-7.505272994,0.091848942829,175.695929622
148,0,0.4650903813,2.75669525575,4.61705678095,4.15196639965,0,39.0471035429,0.11824325909,-1.53036379917,-1.53036379917,-2.48729659799,0.528309070697,0.528309070697,4.81660056493e-12,-7.505272994,0.091848942829,175.695929622
150,0,0.503398582523,2.95330925377,4.96690358387,4.46350500134,0,41.8514835887,0.118679271509,-1.467144306,-1.467144306,-2.46854587349,0.548017329301,0.548017329301,1.17472996688e-15,-7.505272994,0.091848942829,175.695929622
152,0,0.543872611705,3.16036146942,5.33585191624,4.79197930454,0,44.7724582522,0.119177104062,-1.39415197062,-1.39415197062,-2.44741540353,0.567637980386,0.567637980386,3.45971886204e-16,-7.505272994,0.091848942829,175.695929622
154,0,0.586588669281,3.37697556548,5.7233302426,5.13674157332,0,47.6558736895,0.120097058337,-1.30985101097,-1.30985101097,-2.42373611088,0.587115415541,0.587115415541,4.49966003088e-16,-7.505272994,0.091848942829,175.695929622
156,0,0.631592363007,3.59939725919,6.12576671122,5.49417434821,0,50.1607396642,0.122122734876,-1.21321868407,-1.21321868407,-2.39756549629,0.606290150434,0.606290150434,4.52812672862e-16,-7.505272994,0.091848942829,175.695929622
158,0,0.678849376218,3.81870914042,6.53410664529,5.85525726907,0,51.7140492636,0.126350706207,-1.10492946653,-1.10492946653,-2.36944115387,0.624831011131,0.624831011131,9.42400403082e-16,-7.505272994,0.091848942829,175.695929622
160,0,0.72817410281,4.01965808029,6.93235449153,6.20418038872,0,51.7280250531,0.134015448771,-0.988976372149,-0.988976372149,-2.34060193982,0.642219923682,0.642219923682,3.95029712482e-16,-7.505272994,0.091848942829,175.695929622
162,0,0.779175960545,4.18463312441,7.30133696659,6.52216100604,0,50.1762143201,0.145513906649,-0.872993877979,-0.872993877979,-2.312772301,0.65791271691,0.65791271691,3.77151783885e-16,-7.505272994,0.091848942829,175.695929622
164,0,0.831294764915,4.30280192952,7.62798098918,6.79668622427,0,47.8191531677,0.159517274646,-0.7653304772,-0.7653304772,-2.28734981079,0.671638177897,0.671638177897,1.3160915654e-12,-7.505272994,0.091848942829,175.695929622
166,0,0.88393059059,4.37509957646,7.91082193882,7.02689134823,0,45.5461159984,0.173688178792,-0.6711245107,-0.6711245107,-2.26477091805,0.683518769556,0.683518769556,9.81750701508e-13,-7.505272994,0.091848942829,175.695929622
168,0,0.93656938869,4.41022670382,8.15650425858,7.21993486989,0,43.7940259216,0.186246961474,-0.591427293436,-0.591427293436,-2.24468093465,0.693903033174,0.693903033174,7.87306019049e-13,-7.505272994,0.091848942829,175.695929622
170,0,0.988832327874,4.41841743462,8.37374674612,7.38491441824,0,42.6053618588,0.196542087211,-0.524854722024,-0.524854722024,-2.22643909553,0.703158588885,0.703158588885,3.64994215511e-13,-7.505272994,0.091848942829,175.695929622
172,0,1.0404653032,4.40822515978,8.5700863726,7.52962106939,0,41.8708689269,0.204678971138,-0.469251226488,-0.469251226488,-2.2094375349,0.711579367963,0.711579367963,1.43396878753e-13,-7.505272994,0.091848942829,175.695929622
174,0,1.09130855785,4.38590774466,8.75114197605,7.6598334182,0,41.4653467417,0.21104711919,-0.422527135536,-0.422527135536,-2.19319950189,0.719376169244,0.719376169244,5.46680874706e-14,-7.505272994,0.091848942829,175.695929622
176,0,1.14126788084,4.35580446016,8.92087598354,7.7796081027,0,41.2888399738,0.216060223276,-0.382927194217,-0.382927194217,-2.17737650966,0.726694636571,0.726694636571,2.12133823516e-14,-7.505272994,0.091848942829,175.695929622
178,0,1.19029299664,4.32086757734,9.0820395639,7.89174656726,0,41.2699686685,0.220064125487,-0.34905480065,-0.34905480065,-2.16171933677,0.733634984604,0.733634984604,8.53374928011e-15,-7.505272994,0.091848942829,175.695929622
180,0,1.23836265008,4.28309725354,9.23654785387,7.99818520379,0,41.3596609782,0.223322620046,-0.31981951008,-0.31981951008,-2.14604977431,0.740266967056,0.740266967056,4.37575873282e-15,-7.505272994,0.091848942829,175.695929622
182,0,1.28547461062,4.24384995839,9.38574840086,8.10027379024,0,41.5244662351,0.226029356951,-0.294372534526,-0.294372534526,-2.13023915887,0.746640055579,0.746640055579,1.83539400378e-15,-7.505272994,0.091848942829,175.695929622
184,0,1.33163901791,4.20404677312,9.53060284476,8.19896382685,0,41.7414750657,0.228324534046,-0.272050337708,-0.272050337708,-2.1141933323,0.752790117487,0.752790117487,1.27467358253e-15,-7.505272994,0.091848942829,175.695929622
186,0,1.37687393924,4.16431215235,9.6718079093,8.29493397006,0,41.9948289486,0.230309496465,-0.252330191082,-0.252330191082,-2.09784239387,0.758743767449,0.758743767449,1.00892626912e-15,-7.505272994,0.091848942829,175.695929622
188,0,1.42120238491,4.12506650569,9.80987604533,8.38867366042,0,42.2734033294,0.232057872627,-0.234796517352,-0.234796517352,-2.08113375884,0.764521221282,0.764521221282,1.94695180605e-16,-7.505272994,0.091848942829,175.695929622
190,0,1.46465029014,4.08658848838,9.94518964895,8.48053935881,0,42.5692826966,0.23362361353,-0.219115757648,-0.219115757648,-2.06402743812,0.770138190366,0.770138190366,7.0737697044e-16,-7.505272994,0.091848942829,175.695929622
192,0,1.50724514363,4.04905738583,10.0780379603,8.5707928167,0,42.8767535203,0.235046665918,-0.205017643123,-0.205017643123,-2.04649280106,0.775607157807,0.775607157807,9.989966605e-16,-7.505272994,0.091848942829,175.695929622
194,0,1.54901505356,4.01258230537,10.2086425196,8.65962746605,0,43.1916331775,0.236356946208,-0.192281185731,-0.192281185731,-2.0285063331,0.780938251595,0.780938251595,6.91779034309e-16,-7.505272994,0.091848942829,175.695929622
196,0,1.58998811275,3.97722252381,10.3371749748,8.74718686206,0,43.5108175589,0.237577125753,-0.180724127681,-0.180724127681,-2.01005006638,0.786139851407,0.786139851407,1.70526494162e-16,-7.505272994,0.091848942829,175.695929622
198,0,1.63019197019,3.94300183115,10.4637697119,8.83357774173,0,43.8319722367,0.238724592528,-0.170194930008,-0.170194930009,-1.99111047057,0.791219016775,0.791219016775,1.5105054239e-15,-7.505272994,0.091848942829,175.695929622
200,0,1.66965354635,3.90991874703,10.5885329324,8.91887938607,0,44.1533189478,0.23981284272,-0.160566635181,-0.160566635181,-1.97167766205,0.796181793706,0.796181793706,3.81664790451e-16,-7.505272994,0.091848942829,175.695929622
202,0,1.70839884913,3.87795386487,10.7115492614,9.00315041225,0,44.4734861508,0.240852476126,-0.151732122986,-0.151732122986,-1.95174483539,0.801033437399,0.801033437399,1.8079634775e-15,-7.505272994,0.091848942829,175.695929622
204,0,1.74645286082,3.84707517439,10.8328866177,9.08643375686,0,44.7914032171,0.241851914422,-0.143600410836,-0.143600410836,-1.93130785178,0.805778576271,0.805778576271,1.49909419073e-15,-7.505272994,0.091848942829,175.695929622
206,0,1.78383947505,3.81724194596,10.9525998462,9.16876037112,0,45.1062247175,0.242817924017,-0.136093743717,-0.136093743717,-1.91036493884,0.810421334386,0.810421334386,1.08381838373e-15,-7.505272994,0.091848942829,175.695929622
208,0,1.82058146905,3.78840758228,11.0707334585,9.25015198943,0,45.4172757279,0.243755999915,-0.129145286371,-0.129145286371,-1.88891646981,0.814965424053,0.814965424053,3.64923833171e-16,-7.505272994,0.091848942829,175.695929622
210,0,1.85670050079,3.76052172219,11.1873237254,9.33062322456,0,45.7240119918,0.244670649797,-0.122697278682,-0.122697278682,-1.86696479928,0.819414216786,0.819414216786,1.85324374394e-16,-7.505272994,0.091848942829,175.695929622
212,0,1.89221712352,3.73353179883,11.3024002929,9.41018316938,0,46.0259907043,0.245565605866,-0.116699550306,-0.116699550306,-1.84451413897,0.823770798391,0.823770798391,1.14854481105e-15,-7.505272994,0.091848942829,175.695929622
214,0,1.92715081218,3.70738419729,11.415987446,9.48883663384,0,46.3228489686,0.246443983913,-0.111108316129,-0.111108316129,-1.82157046124,0.828038012305,0.828038012305,5.47409886784e-16,-7.505272994,0.091848942829,175.695929622
216,0,1.96151999806,3.68202511652,11.5281051087,9.56658511069,0,46.6142878479,0.247308403517,-0.105885192953,-0.105885192953,-1.79814142136,0.832218494145,0.832218494145,2.19984004153e-15,-7.505272994,0.091848942829,175.695929622
218,0,1.99534210856,3.65740121218,11.6387696464,9.64342753787,0,46.900060532,0.248161079419,-0.100996391696,-0.100996391696,-1.77423629165,0.836314699617,0.836314699617,6.14714445721e-16,-7.505272994,0.091848942829,175.695929622
220,0,2.02863361043,3.63346007633,11.7479945181,9.71936090762,0,47.1799635495,0.24900389136,-0.0964120498562,-0.0964120498562,-1.74986590218,0.840328927377,0.840328927377,8.02899314112e-16,-7.505272994,0.091848942829,175.695929622
222,0,2.06141005464,3.61015059556,11.8557908141,9.79438075948,0,47.4538302432,0.249838437769,-0.0921056767495,-0.0921056767495,-1.72504258415,0.844263338,0.844263338,4.4554119174e-16,-7.505272994,0.091848942829,175.695929622
224,0,2.09368612214,3.58742321801,11.9621677066,9.86848158442,0,47.721525932,0.250666077267,-0.0880536900491,-0.0880536900491,-1.69978011278,0.848119969931,0.848119969931,7.36988035703e-16,-7.505272994,0.091848942829,175.695929622
226,0,2.12547566959,3.56523015211,12.0671328304,9.94165716086,0,47.9829443256,0.251487960984,-0.0842350266353,-0.0842350266353,-1.67409364741,0.851900753074,0.851900753074,1.28683337886e-15,-7.505272994,0.091848942829,175.695929622
228,0,2.15679177459,3.54352551383,12.1706926122,10.0139008376,0,48.2380048642,0.252305057941,-0.0806308142978,-0.0806308142978,-1.64799966705,0.855607520495,0.855607520495,2.82618246394e-15,-7.505272994,0.091848942829,175.695929622
230,0,2.1876467801,3.52226543493,12.2728525553,10.0852057752,0,48.486650732,0.253118175209,-0.0772240935261,-0.0772240935261,-1.6215159002,0.859242018616,0.859242018616,1.58586034959e-15,-7.505272994,0.091848942829,175.695929622
232,0,2.21805233761,3.50140814133,12.3736174918,10.1555651542,0,48.7288473516,0.253927974173,-0.0739995807409,-0.0739995807409,-1.59466124817,0.862805916183,0.862805916183,2.32106795194e-16,-7.505272994,0.091848942829,175.695929622
234,0,2.2480194492,3.48091400829,12.4729918051,10.2249723559,0,48.9645812058,0.254734983899,-0.0709434659773,-0.0709434659773,-1.56745570135,0.86630081221,0.86630081221,9.57770232329e-16,-7.505272994,0.091848942829,175.695929622
236,0,2.27755850804,3.46074559735,12.5709796295,10.2934211215,0,49.1938588727,0.255539612415,-0.0680432393418,-0.0680432393418,-1.53992024858,0.86972824306,0.86972824306,1.95638145927e-16,-7.505272994,0.091848942829,175.695929622
238,0,2.30667933756,3.44086767821,12.6675850284,10.3609056909,0,49.4167061795,0.256342156485,-0.0652875416045,-0.0652875416045,-1.51207677967,0.873089688797,0.873089688797,9.02288238631e-16,-7.505272994,0.091848942829,175.695929622
240,0,2.33539122896,3.42124723827,12.7628121541,10.4274209252,0,49.6331674073,0.257142810359,-0.0626660351184,-0.0626660351184,-1.48394798165,0.876386578886,0.876386578886,3.33716794654e-16,-7.505272994,0.091848942829,175.695929622
242,0,2.36370297739,3.40185348119,12.8566653908,10.4929624134,0,49.8433044923,0.257941673846,-0.0601692919253,-0.0601692919253,-1.45555722954,0.879620297316,0.879620297316,1.91343744432e-15,-7.505272994,0.091848942829,175.695929622
244,0,2.3916229164,3.3826578157,12.9491494813,10.5575265649,0,50.0471961872,0.258738759967,-0.0577886964476,-0.0577886964476,-1.42692847239,0.882792187208,0.882792187208,1.64771440301e-15,-7.505272994,0.091848942829,175.695929622
246,0,2.41915895097,3.36363383534,13.0402696392,10.6211106882,0,50.2449371548,0.259534002382,-0.0555163605995,-0.0555163605995,-1.39808611589,0.885903554942,0.885903554942,3.75358496072e-16,-7.505272994,0.091848942829,175.695929622
248,0,2.44631858897,3.34475728967,13.1300316456,10.6837130566,0,50.4366369804,0.260327262713,-0.053345049509,-0.053345049509,-1.36905490264,0.888955673842,0.888955673842,3.29928036236e-15,-7.505272994,0.091848942829,175.695929622
250,0,2.47310897112,3.32600604716,13.2184419316,10.7453329605,0,50.622419095,0.261118337842,-0.0512681163335,-0.0512681163335,-1.33985979142,0.891949787442,0.891949787442,1.04739667222e-15,-7.505272994,0.091848942829,175.695929622
252,0,2.49953689932,3.30736005022,13.3055076475,10.8059707482,0,50.8024196127,0.261906967206,-0.0492794448906,-0.0492794448906,-1.31052583668,0.894887112365,0.894887112365,2.23227840528e-15,-7.505272994,0.091848942829,175.695929622
254,0,2.52560886366,3.2888012625,13.3912367171,10.8656278535,0,50.976786087,0.262692840115,-0.0473733990258,-0.0473733990258,-1.28107806984,0.897768840834,0.897768840834,9.49234995561e-16,-7.505272994,0.091848942829,175.695929622
256,0,2.55133106776,3.27031360888,13.4756378799,10.9243068122,0,51.1456762,0.263475603045,-0.0455447778006,-0.0455447778006,-1.25154138338,0.900596142837,0.900596142837,2.33156596013e-15,-7.505272994,0.091848942829,175.695929622
258,0,2.5767094527,3.25188290861,13.5587207194,10.9820112667,0,51.3092564003,0.264254866873,-0.0437887757257,-0.0437887757257,-1.2219404193,0.903370167966,0.903370167966,1.29972658732e-15,-7.505272994,0.091848942829,175.695929622
260,0,2.60174971952,3.23349680188,13.6404956799,11.0387459604,0,51.4677005068,0.265030214011,-0.0421009473741,-0.0421009473741,-1.19229946276,0.906092046955,0.906092046955,6.50094421453e-16,-7.505272994,0.091848942829,175.695929622
262,0,2.62645735017,3.21514467065,13.7209740713,11.0945167212,0,51.6211882997,0.265801205343,-0.0404771758087,-0.0404771758087,-1.16264234219,0.908762892937,0.908762892937,6.86670627704e-16,-7.505272994,0.091848942829,175.695929622
264,0,2.65083762715,3.19681755427,13.8001680629,11.1493304357,0,51.7699041177,0.266567386942,-0.0389136443398,-0.0389136443398,-1.13299233657,0.911383802448,0.911383802448,3.55335379275e-15,-7.505272994,0.091848942829,175.695929622
266,0,2.67489565171,3.17850806058,13.8780906674,11.2031950157,0,51.9140354818,0.267328296454,-0.0374068111934,-0.0374068111934,-1.10337209072,0.913955856186,0.913955856186,2.31380058866e-15,-7.505272994,0.091848942829,175.695929622
268,0,2.69863636064,3.16021027349,13.954755716,11.2561193554,0,52.0537717638,0.268083469135,-0.0359533867359,-0.0359533867359,-1.07380353906,0.916480119576,0.916480119576,1.60516186927e-15,-7.505272994,0.091848942829,175.695929622
270,0,2.72206454183,3.14191965764,14.030177825,11.3081132831,0,52.1893029172,0.268832443445,-0.0345503129425,-0.0345503129425,-1.0443078383,0.918957643137,0.918957643137,9.5667463636e-16,-7.505272994,0.091848942829,175.695929622
272,0,2.74518484848,3.12363296126,14.1043723552,11.3591875067,0,52.3208182837,0.26957476618,-0.0331947448453,-0.0331947448453,-1.01490530925,0.921389462692,0.921389462692,4.19003791938e-15,-7.505272994,0.091848942829,175.695929622
274,0,2.76800181211,3.10534811789,14.1773553663,11.4093535542,0,52.4485054881,0.270309997099,-0.03188403373,-0.03188403373,-0.985615387858,0.923776599444,0.923776599444,2.56187546178e-15,-7.505272994,0.091848942829,175.695929622
276,0,2.79051985431,3.08706414793,14.2491435652,11.4586237109,0,52.5725494314,0.271037713013,-0.0306157118813,-0.0306157118813,-0.95645658531,0.926120059928,0.926120059928,3.19403825461e-16,-7.505272994,0.091848942829,175.695929622
278,0,2.81274329747,3.0687810609,14.3197542508,11.5070109533,0,52.6931313871,0.271757511346,-0.0293874787043,-0.0293874787043,-0.927446457108,0.928420835879,0.928420835879,2.51465480261e-15,-7.505272994,0.091848942829,175.695929622
280,0,2.83467637436,3.05049975905,14.3892052565,11.5545288821,0,52.810428207,0.272469013129,-0.028197188071,-0.028197188071,-0.898601580677,0.930679904021,0.930679904021,1.70567656124e-15,-7.505272994,0.091848942829,175.695929622
282,0,2.85632323664,3.03222194309,14.4575148896,11.601191653,0,52.9246116346,0.273171865473,-0.0270428367614,-0.0270428367614,-0.869937541158,0.932898225806,0.932898225806,9.6823255634e-16,-7.505272994,0.091848942829,175.695929622
284,0,2.87768796255,3.01395002081,14.524701871,11.6470139085,0,53.0358477295,0.273865743508,-0.0259225538846,-0.0259225538846,-0.841468924829,0.935076747113,0.935076747113,3.17153381363e-15,-7.505272994,0.091848942829,175.695929622
286,0,2.89877456358,2.99568701888,14.5907852732,11.6920107096,0,53.1442963955,0.274550351831,-0.0248345911795,-0.0248345911795,-0.81320931962,0.937216397932,0.937216397932,2.83495416858e-15,-7.505272994,0.091848942829,175.695929622
288,0,2.91958699036,2.97743649867,14.6557844601,11.7361974697,0,53.2501110115,0.275225425482,-0.0237773141094,-0.0237773141094,-0.785171322078,0.939318092031,0.939318092031,7.70365218584e-16,-7.505272994,0.091848942829,175.695929622
290,0,2.94012913774,2.95920247609,14.7197190271,11.7795898893,0,53.3534381573,0.275890730484,-0.022749193671,-0.022749193671,-0.757366550162,0.941382726642,0.941382726642,5.65343867422e-15,-7.505272994,0.091848942829,175.695929622
292,0,2.96040484924,2.9409893461,14.7826087431,11.8222038938,0,53.4544174284,0.276546063997,-0.021748798852,-0.021748798852,-0.729805661206,0.943411182147,0.943411182147,1.27563372124e-15,-7.505272994,0.091848942829,175.695929622
294,0,2.98041792073,2.92280181195,14.8444734948,11.8640555741,0,53.5531813309,0.277191254113,-0.020774789677,-0.020774789677,-0.702498374386,0.9454043218,0.9454043218,1.9134524095e-15,-7.505272994,0.091848942829,175.695929622
296,0,3.00017210363,2.90464481924,14.9053332338,11.9051611301,0,53.6498552505,0.277826159347,-0.0198259107888,-0.0198259107888,-0.67545349707,0.947362991471,0.947362991471,3.76987330452e-15,-7.505272994,0.091848942829,175.695929622
298,0,3.01967110753,2.8865234951,14.9652079252,11.9455368177,0,53.7445574852,0.278450667853,-0.0189009855166,-0.0189009855166,-0.648678954413,0.949288019427,0.949288019427,6.28052419536e-15,-7.505272994,0.091848942829,175.695929622
300,0,3.03891860231,2.86844309225,15.0241175015,11.9851988992,0,53.8373993346,0.279064696422,-0.0179989103924,-0.0179989103924,-0.622181821619,0.951180216159,0.951180216159,1.29950453407e-15,-7.505272994,0.091848942829,175.695929622
302,0,3.05791821987,2.85040893804,15.0820818175,12.0241635977,0,53.9284852375,0.27966818929,-0.0171186500739,-0.0171186500739,-0.595968358306,0.953040374236,0.953040374236,6.37938588149e-16,-7.505272994,0.091848942829,175.695929622
304,0,3.0766735555,2.83242638838,15.1391206104,12.0624470549,0,54.0179129501,0.280261116796,-0.016259232644,-0.016259232644,-0.57004404447,0.954869268219,0.954869268219,5.03541426611e-15,-7.505272994,0.091848942829,175.695929622
306,0,3.09518816883,2.81450078631,15.1952534616,12.1000652928,0,54.1057737568,0.280843473932,-0.0154197452534,-0.0154197452534,-0.544413617578,0.956667654604,0.956667654604,1.96419377584e-15,-7.505272994,0.091848942829,175.695929622
308,0,3.1134655846,2.79663742515,15.2504997636,12.137034179,0,54.1921527083,0.281415278807,-0.0145993300815,-0.0145993300815,-0.519081110351,0.95843627182,0.95843627182,5.02552298904e-15,-7.505272994,0.091848942829,175.695929622
310,0,3.13150929312,2.77884151595,15.3048786884,12.1733693953,0,54.2771288791,0.281976571063,-0.0137971805887,-0.0137971805887,-0.494049888875,0.960175840258,0.960175840258,1.93582222387e-15,-7.505272994,0.091848942829,175.695929622
312,0,3.14932275053,2.76111815907,15.3584091612,12.2090864107,0,54.3607756402,0.282527410257,-0.0130125380389,-0.0130125380389,-0.469322690685,0.961887062347,0.961887062347,5.02928171196e-15,-7.505272994,0.091848942829,175.695929622
314,0,3.16690937888,2.74347231954,15.4111098351,12.2442004562,0,54.4431609413,0.28306787425,-0.0122446882713,-0.0122446882713,-0.444901662546,0.963570622671,0.963570622671,3.76995625358e-15,-7.505272994,0.091848942829,175.695929622
316,0,3.1842725661,2.72590880615,15.4629990705,12.2787265044,0,54.524347598,0.283598057597,-0.0114929587014,-0.0114929587014,-0.420788397663,0.96522718811,0.96522718811,1.88752095539e-15,-7.505272994,0.091848942829,175.695929622
318,0,3.20141566576,2.70843225372,15.5140949168,12.312679251,0,54.6043935809,0.284118069982,-0.010756715537,-0.010756715537,-0.396983972122,0.966857408028,0.966857408028,8.17655716211e-15,-7.505272994,0.091848942829,175.695929622
320,0,3.21834199686,2.69104710862,15.5644150961,12.3460730992,0,54.6833523034,0.284628034684,-0.0100353611893,-0.0100353611893,-0.373488980363,0.968461914482,0.968461914482,4.39777894275e-15,-7.505272994,0.091848942829,175.695929622
322,0,3.23505484344,2.673757617,15.6139769907,12.3789221473,0,54.7612729041,0.285128087108,-0.00932833186925,-0.00932833186925,-0.350303569566,0.970041322464,0.970041322464,5.02558225551e-15,-7.505272994,0.091848942829,175.695929622
324,0,3.25155745416,2.65656781563,15.6627976323,12.4112401781,0,54.8382005236,0.285618373373,-0.00863509535096,-0.00863509535096,-0.327427472813,0.971596230159,0.971596230159,1.89715995209e-15,-7.505272994,0.091848942829,175.695929622
326,0,3.26785304191,2.63948152512,15.7108936928,12.4430406509,0,54.9141765724,0.286099048978,-0.00795514889404,-0.00795514889404,-0.304860040953,0.973127219238,0.973127219238,1.07232835319e-14,-7.505272994,0.091848942829,175.695929622
328,0,3.28394478332,2.62250234516,15.7582814785,12.4743366951,0,54.9892389894,0.286570277532,-0.00728801731069,-0.00728801731069,-0.282600273095,0.974634855158,0.974634855158,1.60504126971e-15,-7.505272994,0.091848942829,175.695929622
330,0,3.29983581829,2.60563365167,15.8049769248,12.5051411065,0,55.0634224898,0.287032229567,-0.00663325116837,-0.00663325116837,-0.260646845697,0.976119687483,0.976119687483,9.42648422412e-15,-7.505272994,0.091848942829,175.695929622
332,0,3.31552924951,2.58887859567,15.8509955937,12.5354663442,0,55.1367588005,0.287485081433,-0.0059904251178,-0.0059904251178,-0.238998140219,0.977582250219,0.977582250219,5.02553858229e-15,-7.505272994,0.091848942829,175.695929622
334,0,3.33102814203,2.5722401035,15.8963526716,12.5653245296,0,55.2092768848,0.287929014264,-0.00535913633752,-0.00535913633752,-0.217652269338,0.979023062157,0.979023062157,7.54380133858e-15,-7.505272994,0.091848942829,175.695929622
336,0,3.34633552281,2.55572087845,15.9410629697,12.5947274469,0,55.2810031538,0.288364213025,-0.0047390030865,-0.0047390030865,-0.196607101722,0.980442627227,0.980442627227,5.04389549285e-15,-7.505272994,0.091848942829,175.695929622
338,0,3.36145438028,2.53932340344,15.9851409246,12.6236865443,0,55.3519616663,0.288790865641,-0.0041296633571,-0.0041296633571,-0.175860285395,0.981841434861,0.981841434861,1.26103053875e-15,-7.505272994,0.091848942829,175.695929622
340,0,3.37638766402,2.52304994464,16.0286006007,12.6522129367,0,55.4221743157,0.289209162192,-0.00353077362131,-0.00353077362131,-0.155409269697,0.983219960353,0.983219960353,5.02925582541e-15,-7.505272994,0.091848942829,175.695929622
342,0,3.39113828434,2.50690255596,16.0714556933,12.680317409,0,55.4916610051,0.289619294183,-0.00294200766344,-0.00294200766344,-0.135251325904,0.984578665231,0.984578665231,1.38453440206e-14,-7.505272994,0.091848942829,175.695929622
344,0,3.40570911206,2.49088308418,16.1137195324,12.7080104204,0,55.5604398109,0.290021453884,-0.00236305549323,-0.00236305549323,-0.115383566514,0.985917997622,0.985917997622,2.51216058726e-15,-7.505272994,0.091848942829,175.695929622
346,0,3.42010297814,2.47499317467,16.1554050872,12.7353021091,0,55.6285271347,0.290415833734,-0.00179362233357,-0.00179362233357,-0.0958029632752,0.987238392624,0.987238392624,1.25610355109e-15,-7.505272994,0.091848942829,175.695929622
348,0,3.43432267354,2.45923427755,16.1965249717,12.7622022982,0,55.6959378443,0.290802625804,-0.00123342767759,-0.00123342767759,-0.0765063639844,0.98854027267,0.98854027267,3.79430085248e-15,-7.505272994,0.091848942829,175.695929622
350,0,3.44837094899,2.44360765423,16.2370914502,12.7887205012,0,55.7626854045,0.291182021318,-0.000682204410072,-0.000682204410072,-0.0574905081193,0.989824047894,0.989824047894,5.02920796968e-15,-7.505272994,0.091848942829,175.695929622
352,0,3.46225051488,2.42811438418,16.2771164437,12.8148659288,0,55.8287819978,0.291554210234,-0.000139697988726,-0.000139697988726,-0.0387520413515,0.991090116492,0.991090116492,7.54966168555e-15,-7.505272994,0.091848942829,175.695929622
354,0,3.47596404113,2.41275537197,16.3166115365,12.8406474954,0,55.8942386355,0.291919380867,0.000394334318987,0.000394334318987,-0.0202875289982,0.992338865074,0.992338865074,1.50733147377e-14,-7.505272994,0.091848942829,175.695929622
356,0,3.48951415717,2.39753135437,16.355587983,12.8660738259,0,55.9590652604,0.292277719561,0.0009201241474,0.0009201241474,-0.00209346846511,0.99357066902,0.99357066902,8.79532637692e-15,-7.505272994,0.091848942829,175.695929622
358,0,3.50290345189,2.38244290758,16.3940567152,12.8911532633,0,56.0232708408,0.292629410406,0.00143789269624,0.00143789269624,0.0158336992644,0.994785892819,0.994785892819,5.02435280236e-15,-7.505272994,0.091848942829,175.695929622
360,0,3.51613447373,2.36749045444,16.4320283493,12.9158938756,0,56.0868634569,0.292974634996,0.00194785134962,0.00194785134962,0.0334975790401,0.995984890411,0.995984890411,6.28924178974e-15,-7.505272994,0.091848942829,175.695929622
362,0,3.52920973066,2.35267427162,16.4695131943,12.9403034636,0,56.1498503802,0.293313572213,0.00245020225367,0.00245020225367,0.0509018118049,0.997168005514,0.997168005514,2.57276643133e-15,-7.505272994,0.091848942829,175.695929622
364,0,3.54213169037,2.33799449677,16.5065212582,12.9643895679,0,56.2122381453,0.29364639806,0.00294513885562,0.00294513885562,0.0680500656503,0.998335571948,0.998335571948,7.55686673468e-15,-7.505272994,0.091848942829,175.695929622
366,0,3.55490278036,2.32345113554,16.543062257,12.9881594766,0,56.2740326166,0.293973285506,0.00343284640715,0.00343284640715,0.0849460276209,0.999487913953,0.999487913953,1.26098107715e-15,-7.505272994,0.091848942829,175.695929622
368,0,3.56752538814,2.30904406853,16.5791456211,13.011620233,0,56.3352390483,0.294294404376,0.00391350243438,0.00391350243438,0.101593396218,1.00062534649,1.00062534649,2.55133463034e-15,-7.505272994,0.091848942829,175.695929622
370,0,3.58000186142,2.29477305802,16.6147805037,13.0347786423,0,56.3958621392,0.29460992125,0.0043872771771,0.0043872771771,0.11799587456,1.00174817556,1.00174817556,1.25685907196e-14,-7.505272994,0.091848942829,175.695929622
372,0,3.59233450835,2.28063775459,16.649975788,13.0576412796,0,56.4559060835,0.294919999395,0.00485433399905,0.00485433399905,0.134157164149,1.00285669845,1.00285669845,1.00541102006e-14,-7.505272994,0.091848942829,175.695929622
374,0,3.6045255978,2.26663770352,16.6847400947,13.0802144969,0,56.5153746153,0.295224798708,0.00531482977157,0.00531482977157,0.15008095921,1.00395120406,1.00395120406,2.51460022694e-15,-7.505272994,0.091848942829,175.695929622
376,0,3.61657735965,2.25277235107,16.7190817897,13.10250443,0,56.5742710506,0.295524475688,0.00576891523236,0.00576891523236,0.165770941564,1.00503197319,1.00503197319,1.25685967092e-14,-7.505272994,0.091848942829,175.695929622
378,0,3.62849198509,2.23904105043,16.7530089908,13.1245170057,0,56.6325983249,0.295819183409,0.00621673532101,0.00621673532101,0.181230775982,1.00609927873,1.00609927873,3.76985756574e-15,-7.505272994,0.091848942829,175.695929622
380,0,3.640271627,2.22544306757,16.7865295756,13.1462579486,0,56.6903590266,0.296109071522,0.00665842949307,0.00665842949307,0.196464106005,1.00715338599,1.00715338599,2.89033520207e-14,-7.505272994,0.091848942829,175.695929622
382,0,3.65191840027,2.21197758685,16.8196511879,13.1677327876,0,56.7475554284,0.296394286255,0.00709413201403,0.00709413201403,0.21147455019,1.00819455293,1.00819455293,2.76392094361e-14,-7.505272994,0.091848942829,175.695929622
384,0,3.66343438218,2.19864371638,16.8523812451,13.1889468629,0,56.8041895153,0.296674970436,0.00752397223461,0.00752397223461,0.226265698735,1.00922303039,1.00922303039,2.53413177693e-15,-7.505272994,0.091848942829,175.695929622
386,0,3.67482161286,2.18544049321,16.8847269446,13.2099053318,0,56.8602630094,0.296951263519,0.00794807484872,0.00794807484872,0.24084111048,1.01023906233,1.01023906233,2.51224632761e-14,-7.505272994,0.091848942829,175.695929622
388,0,3.68608209561,2.17236688823,16.9166952707,13.2306131751,0,56.915777393,0.297223301614,0.00836656013516,0.00836656013516,0.255204310238,1.01124288606,1.01124288606,1.13068594486e-14,-7.505272994,0.091848942829,175.695929622
390,0,3.69721779743,2.15942181095,16.9482930007,13.2510752032,0,56.9707339297,0.297491217536,0.00877954418431,0.00877954418431,0.269358786431,1.01223473246,1.01223473246,1.1318338657e-14,-7.505272994,0.091848942829,175.695929622
392,0,3.70823064937,2.146604114,16.9795267115,13.2712960621,0,57.0251336825,0.297755140848,0.00918713911068,0.00918713911068,0.283307989017,1.01321482616,1.01321482616,2.2616152361e-14,-7.505272994,0.091848942829,175.695929622
394,0,3.71912254705,2.13391259744,17.0104027856,13.2912802386,0,57.0789775309,0.298015197915,0.00958945325244,0.00958945325244,0.297055327674,1.01418338581,1.01418338581,2.51303097145e-14,-7.505272994,0.091848942829,175.695929622
396,0,3.72989535107,2.12134601287,17.0409274172,13.3110320661,0,57.1322661864,0.298271511961,0.00998659135867,0.00998659135867,0.310604170228,1.0151406242,1.0151406242,1.50745561819e-14,-7.505272994,0.091848942829,175.695929622
398,0,3.74055088754,2.10890306732,17.0711066175,13.3305557299,0,57.1850002061,0.298524203129,0.0103786547653,0.0103786547653,0.323957841301,1.01608674849,1.01608674849,3.26671688012e-14,-7.505272994,0.091848942829,175.695929622
400,0,3.7510909485,2.09658242699,17.100946221,13.3498552725,0,57.2371800053,0.298773388546,0.0107657415601,0.0107657415601,0.337119621161,1.01702196042,1.01702196042,5.02489694614e-14,-7.505272994,0.091848942829,175.695929622
